SampleID,sampleType,MouseSex,MouseID,Diet,Date,Time,Vendor,ExperimentID,ExperimentDay,StoolCollected,BaseWeight,DayWeight,PercChange,Temperature,5percLoss,10percLoss,15percLoss,StoolScore,BehaviorScore,WeightScore,TotalCSS,Notes,,,,,,,,,,,,,,,,,,,,,,,,,,,,,
CDD07.1.1.00,stool,Female,CDD07.1.1,HFt/LFb,9/30/25,,,CDD07,0,,,,,,,,,,,,,,,,,,,,,,,,,,,,,,,,,,,,,,,,,,
CDD07.1.2.00,stool,Female,CDD07.1.2,HFt/LFb,9/30/25,,,CDD07,0,,,,,,,,,,,,,,,,,,,,,,,,,,,,,,,,,,,,,,,,,,
CDD07.1.3.00,stool,Female,CDD07.1.3,HFt/LFb,9/30/25,,,CDD07,0,,,,,,,,,,,,,,,,,,,,,,,,,,,,,,,,,,,,,,,,,,
CDD07.1.4.00,stool,Female,CDD07.1.4,HFt/LFb,9/30/25,,,CDD07,0,,,,,,,,,,,,,,,,,,,,,,,,,,,,,,,,,,,,,,,,,,
CDD07.1.5.00,stool,Female,CDD07.1.5,HFt/LFb,9/30/25,,,CDD07,0,,,,,,,,,,,,,,,,,,,,,,,,,,,,,,,,,,,,,,,,,,
CDD07.2.1.00,stool,Female,CDD07.2.1,HFt/LFb,9/30/25,,,CDD07,0,,,,,,,,,,,,,,,,,,,,,,,,,,,,,,,,,,,,,,,,,,
CDD07.2.2.00,stool,Female,CDD07.2.2,HFt/LFb,9/30/25,,,CDD07,0,,,,,,,,,,,,,,,,,,,,,,,,,,,,,,,,,,,,,,,,,,
CDD07.2.3.00,stool,Female,CDD07.2.3,HFt/LFb,9/30/25,,,CDD07,0,,,,,,,,,,,,,,,,,,,,,,,,,,,,,,,,,,,,,,,,,,
CDD07.2.4.00,stool,Female,CDD07.2.4,HFt/LFb,9/30/25,,,CDD07,0,,,,,,,,,,,,,,,,,,,,,,,,,,,,,,,,,,,,,,,,,,
CDD07.2.5.00,stool,Female,CDD07.2.5,HFt/LFb,9/30/25,,,CDD07,0,,,,,,,,,,,,,,,,,,,,,,,,,,,,,,,,,,,,,,,,,,
CDD07.3.1.00,stool,Female,CDD07.3.1,HFt/LFb,9/30/25,,,CDD07,0,,,,,,,,,,,,,,,,,,,,,,,,,,,,,,,,,,,,,,,,,,
CDD07.3.2.00,stool,Female,CDD07.3.2,HFt/LFb,9/30/25,,,CDD07,0,,,,,,,,,,,,,,,,,,,,,,,,,,,,,,,,,,,,,,,,,,
CDD07.3.3.00,stool,Female,CDD07.3.3,HFt/LFb,9/30/25,,,CDD07,0,,,,,,,,,,,,,,,,,,,,,,,,,,,,,,,,,,,,,,,,,,
CDD07.3.4.00,stool,Female,CDD07.3.4,HFt/LFb,9/30/25,,,CDD07,0,,,,,,,,,,,,,,,,,,,,,,,,,,,,,,,,,,,,,,,,,,
CDD07.3.5.00,stool,Female,CDD07.3.5,HFt/LFb,9/30/25,,,CDD07,0,,,,,,,,,,,,,,,,,,,,,,,,,,,,,,,,,,,,,,,,,,
CDD07.4.1.00,stool,Female,CDD07.4.1,HFt/LFb,9/30/25,,,CDD07,0,,,,,,,,,,,,,,,,,,,,,,,,,,,,,,,,,,,,,,,,,,
CDD07.4.2.00,stool,Female,CDD07.4.2,HFt/LFb,9/30/25,,,CDD07,0,,,,,,,,,,,,,,,,,,,,,,,,,,,,,,,,,,,,,,,,,,
CDD07.4.3.00,stool,Female,CDD07.4.3,HFt/LFb,9/30/25,,,CDD07,0,,,,,,,,,,,,,,,,,,,,,,,,,,,,,,,,,,,,,,,,,,
CDD07.4.4.00,stool,Female,CDD07.4.4,HFt/LFb,9/30/25,,,CDD07,0,,,,,,,,,,,,,,,,,,,,,,,,,,,,,,,,,,,,,,,,,,
CDD07.4.5.00,stool,Female,CDD07.4.5,HFt/LFb,9/30/25,,,CDD07,0,,,,,,,,,,,,,,,,,,,,,,,,,,,,,,,,,,,,,,,,,,
CDD07.1.1.07,stool,Female,CDD07.1.1,HFt/LFb,10/7/25,,,CDD07,7,,,,,,,,,,,,,,,,,,,,,,,,,,,,,,,,,,,,,,,,,,
CDD07.1.2.07,stool,Female,CDD07.1.2,HFt/LFb,10/7/25,,,CDD07,7,,,,,,,,,,,,,,,,,,,,,,,,,,,,,,,,,,,,,,,,,,
CDD07.1.3.07,stool,Female,CDD07.1.3,HFt/LFb,10/7/25,,,CDD07,7,,,,,,,,,,,,,,,,,,,,,,,,,,,,,,,,,,,,,,,,,,
CDD07.1.4.07,stool,Female,CDD07.1.4,HFt/LFb,10/7/25,,,CDD07,7,,,,,,,,,,,,,,,,,,,,,,,,,,,,,,,,,,,,,,,,,,
CDD07.1.5.07,stool,Female,CDD07.1.5,HFt/LFb,10/7/25,,,CDD07,7,,,,,,,,,,,,,,,,,,,,,,,,,,,,,,,,,,,,,,,,,,
CDD07.2.1.07,stool,Female,CDD07.2.1,HFt/LFb,10/7/25,,,CDD07,7,,,,,,,,,,,,,,,,,,,,,,,,,,,,,,,,,,,,,,,,,,
CDD07.2.2.07,stool,Female,CDD07.2.2,HFt/LFb,10/7/25,,,CDD07,7,,,,,,,,,,,,,,,,,,,,,,,,,,,,,,,,,,,,,,,,,,
CDD07.2.3.07,stool,Female,CDD07.2.3,HFt/LFb,10/7/25,,,CDD07,7,,,,,,,,,,,,,,,,,,,,,,,,,,,,,,,,,,,,,,,,,,
CDD07.2.4.07,stool,Female,CDD07.2.4,HFt/LFb,10/7/25,,,CDD07,7,,,,,,,,,,,,,,,,,,,,,,,,,,,,,,,,,,,,,,,,,,
CDD07.2.5.07,stool,Female,CDD07.2.5,HFt/LFb,10/7/25,,,CDD07,7,,,,,,,,,,,,,,,,,,,,,,,,,,,,,,,,,,,,,,,,,,
CDD07.3.1.07,stool,Female,CDD07.3.1,HFt/LFb,10/7/25,,,CDD07,7,,,,,,,,,,,,,,,,,,,,,,,,,,,,,,,,,,,,,,,,,,
CDD07.3.2.07,stool,Female,CDD07.3.2,HFt/LFb,10/7/25,,,CDD07,7,,,,,,,,,,,,,,,,,,,,,,,,,,,,,,,,,,,,,,,,,,
CDD07.3.3.07,stool,Female,CDD07.3.3,HFt/LFb,10/7/25,,,CDD07,7,,,,,,,,,,,,,,,,,,,,,,,,,,,,,,,,,,,,,,,,,,
CDD07.3.4.07,stool,Female,CDD07.3.4,HFt/LFb,10/7/25,,,CDD07,7,,,,,,,,,,,,,,,,,,,,,,,,,,,,,,,,,,,,,,,,,,
CDD07.3.5.07,stool,Female,CDD07.3.5,HFt/LFb,10/7/25,,,CDD07,7,,,,,,,,,,,,,,,,,,,,,,,,,,,,,,,,,,,,,,,,,,
CDD07.4.1.07,stool,Female,CDD07.4.1,HFt/LFb,10/7/25,,,CDD07,7,,,,,,,,,,,,,,,,,,,,,,,,,,,,,,,,,,,,,,,,,,
CDD07.4.2.07,stool,Female,CDD07.4.2,HFt/LFb,10/7/25,,,CDD07,7,,,,,,,,,,,,,,,,,,,,,,,,,,,,,,,,,,,,,,,,,,
CDD07.4.3.07,stool,Female,CDD07.4.3,HFt/LFb,10/7/25,,,CDD07,7,,,,,,,,,,,,,,,,,,,,,,,,,,,,,,,,,,,,,,,,,,
CDD07.4.4.07,stool,Female,CDD07.4.4,HFt/LFb,10/7/25,,,CDD07,7,,,,,,,,,,,,,,,,,,,,,,,,,,,,,,,,,,,,,,,,,,
CDD07.4.5.07,stool,Female,CDD07.4.5,HFt/LFb,10/7/25,,,CDD07,7,,,,,,,,,,,,,,,,,,,,,,,,,,,,,,,,,,,,,,,,,,
CDD07.1.1.12,stool,Female,CDD07.1.1,HFt/LFb,10/12/25,,,CDD07,12,,,,,,,,,,,,,,,,,,,,,,,,,,,,,,,,,,,,,,,,,,
CDD07.1.2.12,stool,Female,CDD07.1.2,HFt/LFb,10/12/25,,,CDD07,12,,,,,,,,,,,,,,,,,,,,,,,,,,,,,,,,,,,,,,,,,,
CDD07.1.3.12,stool,Female,CDD07.1.3,HFt/LFb,10/12/25,,,CDD07,12,,,,,,,,,,,,,,,,,,,,,,,,,,,,,,,,,,,,,,,,,,
CDD07.1.4.12,stool,Female,CDD07.1.4,HFt/LFb,10/12/25,,,CDD07,12,,,,,,,,,,,,,,,,,,,,,,,,,,,,,,,,,,,,,,,,,,
CDD07.1.5.12,stool,Female,CDD07.1.5,HFt/LFb,10/12/25,,,CDD07,12,,,,,,,,,,,,,,,,,,,,,,,,,,,,,,,,,,,,,,,,,,
CDD07.2.1.12,stool,Female,CDD07.2.1,HFt/LFb,10/12/25,,,CDD07,12,,,,,,,,,,,,,,,,,,,,,,,,,,,,,,,,,,,,,,,,,,
CDD07.2.2.12,stool,Female,CDD07.2.2,HFt/LFb,10/12/25,,,CDD07,12,,,,,,,,,,,,,,,,,,,,,,,,,,,,,,,,,,,,,,,,,,
CDD07.2.3.12,stool,Female,CDD07.2.3,HFt/LFb,10/12/25,,,CDD07,12,,,,,,,,,,,,,,,,,,,,,,,,,,,,,,,,,,,,,,,,,,
CDD07.2.4.12,stool,Female,CDD07.2.4,HFt/LFb,10/12/25,,,CDD07,12,,,,,,,,,,,,,,,,,,,,,,,,,,,,,,,,,,,,,,,,,,
CDD07.2.5.12,stool,Female,CDD07.2.5,HFt/LFb,10/12/25,,,CDD07,12,,,,,,,,,,,,,,,,,,,,,,,,,,,,,,,,,,,,,,,,,,
CDD07.3.1.12,stool,Female,CDD07.3.1,HFt/LFb,10/12/25,,,CDD07,12,,,,,,,,,,,,,,,,,,,,,,,,,,,,,,,,,,,,,,,,,,
CDD07.3.2.12,stool,Female,CDD07.3.2,HFt/LFb,10/12/25,,,CDD07,12,,,,,,,,,,,,,,,,,,,,,,,,,,,,,,,,,,,,,,,,,,
CDD07.3.3.12,stool,Female,CDD07.3.3,HFt/LFb,10/12/25,,,CDD07,12,,,,,,,,,,,,,,,,,,,,,,,,,,,,,,,,,,,,,,,,,,
CDD07.3.4.12,stool,Female,CDD07.3.4,HFt/LFb,10/12/25,,,CDD07,12,,,,,,,,,,,,,,,,,,,,,,,,,,,,,,,,,,,,,,,,,,
CDD07.3.5.12,stool,Female,CDD07.3.5,HFt/LFb,10/12/25,,,CDD07,12,,,,,,,,,,,,,,,,,,,,,,,,,,,,,,,,,,,,,,,,,,
CDD07.4.1.12,stool,Female,CDD07.4.1,HFt/LFb,10/12/25,,,CDD07,12,,,,,,,,,,,,,,,,,,,,,,,,,,,,,,,,,,,,,,,,,,
CDD07.4.2.12,stool,Female,CDD07.4.2,HFt/LFb,10/12/25,,,CDD07,12,,,,,,,,,,,,,,,,,,,,,,,,,,,,,,,,,,,,,,,,,,
CDD07.4.3.12,stool,Female,CDD07.4.3,HFt/LFb,10/12/25,,,CDD07,12,,,,,,,,,,,,,,,,,,,,,,,,,,,,,,,,,,,,,,,,,,
CDD07.4.4.12,stool,Female,CDD07.4.4,HFt/LFb,10/12/25,,,CDD07,12,,,,,,,,,,,,,,,,,,,,,,,,,,,,,,,,,,,,,,,,,,
CDD07.4.5.12,stool,Female,CDD07.4.5,HFt/LFb,10/12/25,,,CDD07,12,,,,,,,,,,,,,,,,,,,,,,,,,,,,,,,,,,,,,,,,,,
CDD07.1.1.14,stool,Female,CDD07.1.1,HFt/LFb,10/14/25,,,CDD07,14,,,,,,,,,,,,,over grooming in cage,,,,,,,,,,,,,,,,,,,,,,,,,,,,,
CDD07.1.2.14,stool,Female,CDD07.1.2,HFt/LFb,10/14/25,,,CDD07,14,,,,,,,,,,,,,over grooming in cage,,,,,,,,,,,,,,,,,,,,,,,,,,,,,
CDD07.1.3.14,stool,Female,CDD07.1.3,HFt/LFb,10/14/25,,,CDD07,14,,,,,,,,,,,,,over grooming in cage,,,,,,,,,,,,,,,,,,,,,,,,,,,,,
CDD07.1.4.14,stool,Female,CDD07.1.4,HFt/LFb,10/14/25,,,CDD07,14,,,,,,,,,,,,,over grooming in cage,,,,,,,,,,,,,,,,,,,,,,,,,,,,,
CDD07.1.5.14,stool,Female,CDD07.1.5,HFt/LFb,10/14/25,,,CDD07,14,,,,,,,,,,,,,over grooming in cage,,,,,,,,,,,,,,,,,,,,,,,,,,,,,
CDD07.2.1.14,stool,Female,CDD07.2.1,HFt/LFb,10/14/25,,,CDD07,14,,,,,,,,,,,,,,,,,,,,,,,,,,,,,,,,,,,,,,,,,,
CDD07.2.2.14,stool,Female,CDD07.2.2,HFt/LFb,10/14/25,,,CDD07,14,,,,,,,,,,,,,,,,,,,,,,,,,,,,,,,,,,,,,,,,,,
CDD07.2.3.14,stool,Female,CDD07.2.3,HFt/LFb,10/14/25,,,CDD07,14,,,,,,,,,,,,,,,,,,,,,,,,,,,,,,,,,,,,,,,,,,
CDD07.2.4.14,stool,Female,CDD07.2.4,HFt/LFb,10/14/25,,,CDD07,14,,,,,,,,,,,,,,,,,,,,,,,,,,,,,,,,,,,,,,,,,,
CDD07.2.5.14,stool,Female,CDD07.2.5,HFt/LFb,10/14/25,,,CDD07,14,,,,,,,,,,,,,,,,,,,,,,,,,,,,,,,,,,,,,,,,,,
CDD07.3.1.14,stool,Female,CDD07.3.1,HFt/LFb,10/14/25,,,CDD07,14,,,,,,,,,,,,,,,,,,,,,,,,,,,,,,,,,,,,,,,,,,
CDD07.3.2.14,stool,Female,CDD07.3.2,HFt/LFb,10/14/25,,,CDD07,14,,,,,,,,,,,,,,,,,,,,,,,,,,,,,,,,,,,,,,,,,,
CDD07.3.3.14,stool,Female,CDD07.3.3,HFt/LFb,10/14/25,,,CDD07,14,,,,,,,,,,,,,,,,,,,,,,,,,,,,,,,,,,,,,,,,,,
CDD07.3.4.14,stool,Female,CDD07.3.4,HFt/LFb,10/14/25,,,CDD07,14,,,,,,,,,,,,,,,,,,,,,,,,,,,,,,,,,,,,,,,,,,
CDD07.3.5.14,stool,Female,CDD07.3.5,HFt/LFb,10/14/25,,,CDD07,14,,,,,,,,,,,,,,,,,,,,,,,,,,,,,,,,,,,,,,,,,,
CDD07.4.1.14,stool,Female,CDD07.4.1,HFt/LFb,10/14/25,,,CDD07,14,,,,,,,,,,,,,,,,,,,,,,,,,,,,,,,,,,,,,,,,,,
CDD07.4.2.14,stool,Female,CDD07.4.2,HFt/LFb,10/14/25,,,CDD07,14,,,,,,,,,,,,,,,,,,,,,,,,,,,,,,,,,,,,,,,,,,
CDD07.4.3.14,stool,Female,CDD07.4.3,HFt/LFb,10/14/25,,,CDD07,14,,,,,,,,,,,,,,,,,,,,,,,,,,,,,,,,,,,,,,,,,,
CDD07.4.4.14,stool,Female,CDD07.4.4,HFt/LFb,10/14/25,,,CDD07,14,,,,,,,,,,,,,,,,,,,,,,,,,,,,,,,,,,,,,,,,,,
CDD07.4.5.14,stool,Female,CDD07.4.5,HFt/LFb,10/14/25,,,CDD07,14,,,,,,,,,,,,,,,,,,,,,,,,,,,,,,,,,,,,,,,,,,
CDD07.1.1.15,stool,Female,CDD07.1.1,HFt/LFb,10/15/25,13:30,,CDD07,15,T,18.43,18.43,0,87.5,17.5085,16.587,15.6655,4,0,0,4,,,,,,,,,,,,,,,,,,,,,,,,,,,,,,
CDD07.1.2.15,stool,Female,CDD07.1.2,HFt/LFb,10/15/25,13:30,,CDD07,15,T,18.3,18.3,0,89.2,17.385,16.47,15.555,1,0,0,1,,,,,,,,,,,,,,,,,,,,,,,,,,,,,,
CDD07.1.3.15,stool,Female,CDD07.1.3,HFt/LFb,10/15/25,13:30,,CDD07,15,T,17.54,17.54,0,88.4,16.663,15.786,14.909,1,0,0,1,,,,,,,,,,,,,,,,,,,,,,,,,,,,,,
CDD07.1.4.15,stool,Female,CDD07.1.4,HFt/LFb,10/15/25,13:30,,CDD07,15,T,17.8,17.8,0,88.8,16.91,16.02,15.13,4,0,0,4,,,,,,,,,,,,,,,,,,,,,,,,,,,,,,
CDD07.1.5.15,stool,Female,CDD07.1.5,HFt/LFb,10/15/25,13:30,,CDD07,15,T,19.75,19.75,0,88.6,18.7625,17.775,16.7875,4,0,0,4,,,,,,,,,,,,,,,,,,,,,,,,,,,,,,
CDD07.2.1.15,stool,Female,CDD07.2.1,HFt/LFb,10/15/25,13:30,,CDD07,15,T,19.68,19.68,0,88.9,18.696,17.712,16.728,1,0,0,1,,,,,,,,,,,,,,,,,,,,,,,,,,,,,,
CDD07.2.2.15,stool,Female,CDD07.2.2,HFt/LFb,10/15/25,13:30,,CDD07,15,T,19.53,19.53,0,89.3,18.5535,17.577,16.6005,1,0,0,1,,,,,,,,,,,,,,,,,,,,,,,,,,,,,,
CDD07.2.3.15,stool,Female,CDD07.2.3,HFt/LFb,10/15/25,13:30,,CDD07,15,T,19.1,19.1,0,86.6,18.145,17.19,16.235,1,0,0,1,,,,,,,,,,,,,,,,,,,,,,,,,,,,,,
CDD07.2.4.15,stool,Female,CDD07.2.4,HFt/LFb,10/15/25,13:30,,CDD07,15,T,18.98,18.98,0,90.7,18.031,17.082,16.133,0,0,0,0,,,,,,,,,,,,,,,,,,,,,,,,,,,,,,
CDD07.2.5.15,stool,Female,CDD07.2.5,HFt/LFb,10/15/25,13:30,,CDD07,15,T,20.57,20.57,0,90,19.5415,18.513,17.4845,0,0,0,0,,,,,,,,,,,,,,,,,,,,,,,,,,,,,,
CDD07.3.1.15,stool,Female,CDD07.3.1,HFt/LFb,10/15/25,13:30,,CDD07,15,T,18.32,18.32,0,89.5,17.404,16.488,15.572,1,0,0,1,,,,,,,,,,,,,,,,,,,,,,,,,,,,,,
CDD07.3.2.15,stool,Female,CDD07.3.2,HFt/LFb,10/15/25,13:30,,CDD07,15,T,21.06,21.06,0,90.3,20.007,18.954,17.901,4,0,0,4,,,,,,,,,,,,,,,,,,,,,,,,,,,,,,
CDD07.3.3.15,stool,Female,CDD07.3.3,HFt/LFb,10/15/25,13:30,,CDD07,15,T,17.78,17.78,0,89.7,16.891,16.002,15.113,1,0,0,1,,,,,,,,,,,,,,,,,,,,,,,,,,,,,,
CDD07.3.4.15,stool,Female,CDD07.3.4,HFt/LFb,10/15/25,13:30,,CDD07,15,T,20.35,20.35,0,90.8,19.3325,18.315,17.2975,1,0,0,1,,,,,,,,,,,,,,,,,,,,,,,,,,,,,,
CDD07.3.5.15,stool,Female,CDD07.3.5,HFt/LFb,10/15/25,13:30,,CDD07,15,T,19.57,19.57,0,90.6,18.5915,17.613,16.6345,1,0,0,1,,,,,,,,,,,,,,,,,,,,,,,,,,,,,,
CDD07.4.1.15,stool,Female,CDD07.4.1,HFt/LFb,10/15/25,13:30,,CDD07,15,T,20.54,20.54,0,89.3,19.513,18.486,17.459,1,0,0,1,,,,,,,,,,,,,,,,,,,,,,,,,,,,,,
CDD07.4.2.15,stool,Female,CDD07.4.2,HFt/LFb,10/15/25,13:30,,CDD07,15,T,19.9,19.9,0,89.3,18.905,17.91,16.915,0,0,0,0,,,,,,,,,,,,,,,,,,,,,,,,,,,,,,
CDD07.4.3.15,stool,Female,CDD07.4.3,HFt/LFb,10/15/25,13:30,,CDD07,15,T,21.65,21.65,0,89.7,20.5675,19.485,18.4025,1,0,0,1,,,,,,,,,,,,,,,,,,,,,,,,,,,,,,
CDD07.4.4.15,stool,Female,CDD07.4.4,HFt/LFb,10/15/25,13:30,,CDD07,15,T,21.9,21.9,0,88.4,20.805,19.71,18.615,0,0,0,0,,,,,,,,,,,,,,,,,,,,,,,,,,,,,,
CDD07.4.5.15,stool,Female,CDD07.4.5,HFt/LFb,10/15/25,13:30,,CDD07,15,T,19.78,19.78,0,91.8,18.791,17.802,16.813,1,0,0,1,,,,,,,,,,,,,,,,,,,,,,,,,,,,,,
CDD07.1.1.16,stool,Female,CDD07.1.1,HFt/LFb,10/16/25,13:30,,CDD07,16,T,18.43,18.34,-0.488334238,83.4,17.5085,16.587,15.6655,0,0,1,1,,,,,,,,,,,,,,,,,,,,,,,,,,,,,,
CDD07.1.2.16,stool,Female,CDD07.1.2,HFt/LFb,10/16/25,13:30,,CDD07,16,T,18.3,18.4,0.546448087,84.4,17.385,16.47,15.555,1,0,0,1,,,,,,,,,,,,,,,,,,,,,,,,,,,,,,
CDD07.1.3.16,stool,Female,CDD07.1.3,HFt/LFb,10/16/25,13:30,,CDD07,16,T,17.54,17.64,0.570125428,84.8,16.663,15.786,14.909,0,0,0,0,,,,,,,,,,,,,,,,,,,,,,,,,,,,,,
CDD07.1.4.16,stool,Female,CDD07.1.4,HFt/LFb,10/16/25,13:30,,CDD07,16,T,17.8,17.96,0.898876404,84.2,16.91,16.02,15.13,0,0,0,0,,,,,,,,,,,,,,,,,,,,,,,,,,,,,,
CDD07.1.5.16,stool,Female,CDD07.1.5,HFt/LFb,10/16/25,13:30,,CDD07,16,T,19.75,20.4,3.291139241,86.5,18.7625,17.775,16.7875,1,0,0,1,,,,,,,,,,,,,,,,,,,,,,,,,,,,,,
CDD07.2.1.16,stool,Female,CDD07.2.1,HFt/HFb,10/16/25,13:30,,CDD07,16,T,19.68,20,1.62601626,85.6,18.696,17.712,16.728,1,0,0,1,,,,,,,,,,,,,,,,,,,,,,,,,,,,,,
CDD07.2.2.16,stool,Female,CDD07.2.2,HFt/HFb,10/16/25,13:30,,CDD07,16,T,19.53,19.5,-0.153609831,85.6,18.5535,17.577,16.6005,1,0,1,2,,,,,,,,,,,,,,,,,,,,,,,,,,,,,,
CDD07.2.3.16,stool,Female,CDD07.2.3,HFt/HFb,10/16/25,13:30,,CDD07,16,T,19.1,19.3,1.047120419,83.5,18.145,17.19,16.235,1,0,0,1,,,,,,,,,,,,,,,,,,,,,,,,,,,,,,
CDD07.2.4.16,stool,Female,CDD07.2.4,HFt/HFb,10/16/25,13:30,,CDD07,16,T,18.98,19.5,2.739726027,86.2,18.031,17.082,16.133,0,0,0,0,,,,,,,,,,,,,,,,,,,,,,,,,,,,,,
CDD07.2.5.16,stool,Female,CDD07.2.5,HFt/HFb,10/16/25,13:30,,CDD07,16,T,20.57,20.9,1.604278075,86.4,19.5415,18.513,17.4845,1,0,0,1,,,,,,,,,,,,,,,,,,,,,,,,,,,,,,
CDD07.3.1.16,stool,Female,CDD07.3.1,LFt/LFb,10/16/25,13:30,,CDD07,16,T,18.32,18.6,1.528384279,85.1,17.404,16.488,15.572,1,0,0,1,,,,,,,,,,,,,,,,,,,,,,,,,,,,,,
CDD07.3.2.16,stool,Female,CDD07.3.2,LFt/LFb,10/16/25,13:30,,CDD07,16,T,21.06,21.28,1.044634378,85.1,20.007,18.954,17.901,1,0,0,1,,,,,,,,,,,,,,,,,,,,,,,,,,,,,,
CDD07.3.3.16,stool,Female,CDD07.3.3,LFt/LFb,10/16/25,13:30,,CDD07,16,T,17.78,17.96,1.012373453,87.4,16.891,16.002,15.113,1,0,0,1,,,,,,,,,,,,,,,,,,,,,,,,,,,,,,
CDD07.3.4.16,stool,Female,CDD07.3.4,LFt/LFb,10/16/25,13:30,,CDD07,16,T,20.35,20.9,2.702702703,86.6,19.3325,18.315,17.2975,1,0,0,1,,,,,,,,,,,,,,,,,,,,,,,,,,,,,,
CDD07.3.5.16,stool,Female,CDD07.3.5,LFt/LFb,10/16/25,13:30,,CDD07,16,T,19.57,20.17,3.06591722,86.6,18.5915,17.613,16.6345,1,0,0,1,,,,,,,,,,,,,,,,,,,,,,,,,,,,,,
CDD07.4.1.16,stool,Female,CDD07.4.1,LFt/HFb,10/16/25,13:30,,CDD07,16,T,20.54,21.2,3.213242454,87.4,19.513,18.486,17.459,0,0,0,0,,,,,,,,,,,,,,,,,,,,,,,,,,,,,,
CDD07.4.2.16,stool,Female,CDD07.4.2,LFt/HFb,10/16/25,13:30,,CDD07,16,T,19.9,20.2,1.507537688,86.2,18.905,17.91,16.915,1,0,0,1,,,,,,,,,,,,,,,,,,,,,,,,,,,,,,
CDD07.4.3.16,stool,Female,CDD07.4.3,LFt/HFb,10/16/25,13:30,,CDD07,16,T,21.65,22.7,4.849884527,86.5,20.5675,19.485,18.4025,1,0,0,1,,,,,,,,,,,,,,,,,,,,,,,,,,,,,,
CDD07.4.4.16,stool,Female,CDD07.4.4,LFt/HFb,10/16/25,13:30,,CDD07,16,T,21.9,22,0.456621005,85.6,20.805,19.71,18.615,1,0,0,1,,,,,,,,,,,,,,,,,,,,,,,,,,,,,,
CDD07.4.5.16,stool,Female,CDD07.4.5,LFt/HFb,10/16/25,13:30,,CDD07,16,T,19.78,20,1.11223458,86.4,18.791,17.802,16.813,1,0,0,1,,,,,,,,,,,,,,,,,,,,,,,,,,,,,,
CDD07.1.1.17,stool,Female,CDD07.1.1,HFt/LFb,10/17/25,,,CDD07,17,T,18.43,18.73,1.627780792,85.3,17.5085,16.587,15.6655,0,0,0,0,,,,,,,,,,,,,,,,,,,,,,,,,,,,,,
CDD07.1.2.17,stool,Female,CDD07.1.2,HFt/LFb,10/17/25,,,CDD07,17,T,18.3,19.19,4.863387978,84.1,17.385,16.47,15.555,0,0,0,0,,,,,,,,,,,,,,,,,,,,,,,,,,,,,,
CDD07.1.3.17,stool,Female,CDD07.1.3,HFt/LFb,10/17/25,,,CDD07,17,T,17.54,17.75,1.197263398,85,16.663,15.786,14.909,0,0,0,0,,,,,,,,,,,,,,,,,,,,,,,,,,,,,,
CDD07.1.4.17,stool,Female,CDD07.1.4,HFt/LFb,10/17/25,,,CDD07,17,T,17.8,17.99,1.06741573,86.1,16.91,16.02,15.13,0,0,0,0,,,,,,,,,,,,,,,,,,,,,,,,,,,,,,
CDD07.1.5.17,stool,Female,CDD07.1.5,HFt/LFb,10/17/25,,,CDD07,17,T,19.75,20.3,2.784810127,85.9,18.7625,17.775,16.7875,0,0,0,0,,,,,,,,,,,,,,,,,,,,,,,,,,,,,,
CDD07.2.1.17,stool,Female,CDD07.2.1,HFt/HFb,10/17/25,,,CDD07,17,T,19.68,20.23,2.794715447,85.4,18.696,17.712,16.728,0,0,0,0,,,,,,,,,,,,,,,,,,,,,,,,,,,,,,
CDD07.2.2.17,stool,Female,CDD07.2.2,HFt/HFb,10/17/25,,,CDD07,17,T,19.53,20.33,4.096262161,84.6,18.5535,17.577,16.6005,0,0,0,0,,,,,,,,,,,,,,,,,,,,,,,,,,,,,,
CDD07.2.3.17,stool,Female,CDD07.2.3,HFt/HFb,10/17/25,,,CDD07,17,T,19.1,19.35,1.308900524,86.5,18.145,17.19,16.235,0,0,0,0,,,,,,,,,,,,,,,,,,,,,,,,,,,,,,
CDD07.2.4.17,stool,Female,CDD07.2.4,HFt/HFb,10/17/25,,,CDD07,17,T,18.98,20,5.374077977,86.3,18.031,17.082,16.133,0,0,0,0,,,,,,,,,,,,,,,,,,,,,,,,,,,,,,
CDD07.2.5.17,stool,Female,CDD07.2.5,HFt/HFb,10/17/25,,,CDD07,17,T,20.57,20.65,0.388915897,85.6,19.5415,18.513,17.4845,0,0,0,0,,,,,,,,,,,,,,,,,,,,,,,,,,,,,,
CDD07.3.1.17,stool,Female,CDD07.3.1,LFt/LFb,10/17/25,,,CDD07,17,T,18.32,18.53,1.14628821,86.1,17.404,16.488,15.572,0,0,0,0,,,,,,,,,,,,,,,,,,,,,,,,,,,,,,
CDD07.3.2.17,stool,Female,CDD07.3.2,LFt/LFb,10/17/25,,,CDD07,17,T,21.06,21.5,2.089268756,87.1,20.007,18.954,17.901,0,0,0,0,,,,,,,,,,,,,,,,,,,,,,,,,,,,,,
CDD07.3.3.17,stool,Female,CDD07.3.3,LFt/LFb,10/17/25,,,CDD07,17,T,17.78,18.25,2.643419573,85.1,16.891,16.002,15.113,0,0,0,0,,,,,,,,,,,,,,,,,,,,,,,,,,,,,,
CDD07.3.4.17,stool,Female,CDD07.3.4,LFt/LFb,10/17/25,,,CDD07,17,T,20.35,20.35,0,86.4,19.3325,18.315,17.2975,0,0,0,0,,,,,,,,,,,,,,,,,,,,,,,,,,,,,,
CDD07.3.5.17,stool,Female,CDD07.3.5,LFt/LFb,10/17/25,,,CDD07,17,T,19.57,19.6,0.153295861,84.6,18.5915,17.613,16.6345,0,0,0,0,,,,,,,,,,,,,,,,,,,,,,,,,,,,,,
CDD07.4.1.17,stool,Female,CDD07.4.1,LFt/HFb,10/17/25,,,CDD07,17,T,20.54,21.1,2.726387537,87.1,19.513,18.486,17.459,0,0,0,0,,,,,,,,,,,,,,,,,,,,,,,,,,,,,,
CDD07.4.2.17,stool,Female,CDD07.4.2,LFt/HFb,10/17/25,,,CDD07,17,T,19.9,19.7,-1.005025126,86,18.905,17.91,16.915,0,0,1,1,,,,,,,,,,,,,,,,,,,,,,,,,,,,,,
CDD07.4.3.17,stool,Female,CDD07.4.3,LFt/HFb,10/17/25,,,CDD07,17,T,21.65,22.2,2.540415704,85,20.5675,19.485,18.4025,0,0,0,0,,,,,,,,,,,,,,,,,,,,,,,,,,,,,,
CDD07.4.4.17,stool,Female,CDD07.4.4,LFt/HFb,10/17/25,,,CDD07,17,T,21.9,21.78,-0.547945205,86.2,20.805,19.71,18.615,0,0,1,1,,,,,,,,,,,,,,,,,,,,,,,,,,,,,,
CDD07.4.5.17,stool,Female,CDD07.4.5,LFt/HFb,10/17/25,,,CDD07,17,T,19.78,20.01,1.162790698,88.4,18.791,17.802,16.813,0,0,0,0,missing fur ,,,,,,,,,,,,,,,,,,,,,,,,,,,,,
CDD07.1.1.18,stool,Female,CDD07.1.1,HFt/LFb,10/18/25,,,CDD07,18,T,18.43,18.5,0.379815518,86.4,17.5085,16.587,15.6655,3,0,0,3,,,,,,,,,,,,,,,,,,,,,,,,,,,,,,
CDD07.1.2.18,stool,Female,CDD07.1.2,HFt/LFb,10/18/25,,,CDD07,18,T,18.3,17.7,-3.278688525,87.1,17.385,16.47,15.555,0,0,1,1,,,,,,,,,,,,,,,,,,,,,,,,,,,,,,
CDD07.1.3.18,stool,Female,CDD07.1.3,HFt/LFb,10/18/25,,,CDD07,18,T,17.54,19.35,10.31927024,86.1,16.663,15.786,14.909,0,0,0,0,,,,,,,,,,,,,,,,,,,,,,,,,,,,,,
CDD07.1.4.18,stool,Female,CDD07.1.4,HFt/LFb,10/18/25,,,CDD07,18,T,17.8,17.85,0.280898876,85.3,16.91,16.02,15.13,0,0,0,0,,,,,,,,,,,,,,,,,,,,,,,,,,,,,,
CDD07.1.5.18,stool,Female,CDD07.1.5,HFt/LFb,10/18/25,,,CDD07,18,T,19.75,20.73,4.962025316,85.4,18.7625,17.775,16.7875,0,0,0,0,,,,,,,,,,,,,,,,,,,,,,,,,,,,,,
CDD07.2.1.18,stool,Female,CDD07.2.1,HFt/HFb,10/18/25,,,CDD07,18,T,19.68,20.78,5.589430894,86.4,18.696,17.712,16.728,1,0,0,1,,,,,,,,,,,,,,,,,,,,,,,,,,,,,,
CDD07.2.2.18,stool,Female,CDD07.2.2,HFt/HFb,10/18/25,,,CDD07,18,T,19.53,20,2.406554019,85.8,18.5535,17.577,16.6005,1,0,0,1,,,,,,,,,,,,,,,,,,,,,,,,,,,,,,
CDD07.2.3.18,stool,Female,CDD07.2.3,HFt/HFb,10/18/25,,,CDD07,18,T,19.1,19.75,3.403141361,85.7,18.145,17.19,16.235,0,0,0,0,,,,,,,,,,,,,,,,,,,,,,,,,,,,,,
CDD07.2.4.18,stool,Female,CDD07.2.4,HFt/HFb,10/18/25,,,CDD07,18,T,18.98,20.65,8.798735511,86.4,18.031,17.082,16.133,0,0,0,0,,,,,,,,,,,,,,,,,,,,,,,,,,,,,,
CDD07.2.5.18,stool,Female,CDD07.2.5,HFt/HFb,10/18/25,,,CDD07,18,T,20.57,21.35,3.791929995,86,19.5415,18.513,17.4845,0,0,0,0,,,,,,,,,,,,,,,,,,,,,,,,,,,,,,
CDD07.3.1.18,stool,Female,CDD07.3.1,LFt/LFb,10/18/25,,,CDD07,18,T,18.32,18.06,-1.419213974,86.4,17.404,16.488,15.572,0,0,1,1,,,,,,,,,,,,,,,,,,,,,,,,,,,,,,
CDD07.3.2.18,stool,Female,CDD07.3.2,LFt/LFb,10/18/25,,,CDD07,18,T,21.06,21.32,1.234567901,86.1,20.007,18.954,17.901,0,0,0,0,,,,,,,,,,,,,,,,,,,,,,,,,,,,,,
CDD07.3.3.18,stool,Female,CDD07.3.3,LFt/LFb,10/18/25,,,CDD07,18,T,17.78,17.95,0.956130484,85.4,16.891,16.002,15.113,0,0,0,0,,,,,,,,,,,,,,,,,,,,,,,,,,,,,,
CDD07.3.4.18,stool,Female,CDD07.3.4,LFt/LFb,10/18/25,,,CDD07,18,T,20.35,20.95,2.948402948,86.2,19.3325,18.315,17.2975,0,0,0,0,,,,,,,,,,,,,,,,,,,,,,,,,,,,,,
CDD07.3.5.18,stool,Female,CDD07.3.5,LFt/LFb,10/18/25,,,CDD07,18,T,19.57,19.75,0.919775166,85.7,18.5915,17.613,16.6345,0,0,0,0,,,,,,,,,,,,,,,,,,,,,,,,,,,,,,
CDD07.4.1.18,stool,Female,CDD07.4.1,LFt/HFb,10/18/25,,,CDD07,18,T,20.54,21.2,3.213242454,86.4,19.513,18.486,17.459,0,0,0,0,,,,,,,,,,,,,,,,,,,,,,,,,,,,,,
CDD07.4.2.18,stool,Female,CDD07.4.2,LFt/HFb,10/18/25,,,CDD07,18,T,19.9,19.75,-0.753768844,87.2,18.905,17.91,16.915,0,0,1,1,,,,,,,,,,,,,,,,,,,,,,,,,,,,,,
CDD07.4.3.18,stool,Female,CDD07.4.3,LFt/HFb,10/18/25,,,CDD07,18,T,21.65,22.87,5.635103926,85.4,20.5675,19.485,18.4025,0,0,0,0,,,,,,,,,,,,,,,,,,,,,,,,,,,,,,
CDD07.4.4.18,stool,Female,CDD07.4.4,LFt/HFb,10/18/25,,,CDD07,18,T,21.9,22,0.456621005,86.7,20.805,19.71,18.615,0,0,0,0,,,,,,,,,,,,,,,,,,,,,,,,,,,,,,
CDD07.4.5.18,stool,Female,CDD07.4.5,LFt/HFb,10/18/25,,,CDD07,18,T,19.78,20.2,2.123356926,88.6,18.791,17.802,16.813,0,0,0,0,temp high due to missing fur,,,,,,,,,,,,,,,,,,,,,,,,,,,,,
CDD07.1.1.19,stool,Female,CDD07.1.1,HFt/LFb,10/19/25,11:00,,CDD07,19,T,18.43,19.05,3.364080304,84.8,17.5085,16.587,15.6655,2,0,0,2,,,,,,,,,,,,,,,,,,,,,,,,,,,,,,
CDD07.1.2.19,stool,Female,CDD07.1.2,HFt/LFb,10/19/25,11:00,,CDD07,19,T,18.3,19.02,3.93442623,86,17.385,16.47,15.555,2,0,0,2,,,,,,,,,,,,,,,,,,,,,,,,,,,,,,
CDD07.1.3.19,stool,Female,CDD07.1.3,HFt/LFb,10/19/25,11:00,,CDD07,19,T,17.54,17.48,-0.342075257,87.6,16.663,15.786,14.909,1,0,1,2,,,,,,,,,,,,,,,,,,,,,,,,,,,,,,
CDD07.1.4.19,stool,Female,CDD07.1.4,HFt/LFb,10/19/25,11:00,,CDD07,19,T,17.8,17.84,0.224719101,86.3,16.91,16.02,15.13,2,0,0,2,,,,,,,,,,,,,,,,,,,,,,,,,,,,,,
CDD07.1.5.19,stool,Female,CDD07.1.5,HFt/LFb,10/19/25,11:00,,CDD07,19,T,19.75,21.32,7.949367089,86.4,18.7625,17.775,16.7875,2,0,0,2,,,,,,,,,,,,,,,,,,,,,,,,,,,,,,
CDD07.2.1.19,stool,Female,CDD07.2.1,HFt/HFb,10/19/25,11:00,,CDD07,19,T,19.68,20.74,5.386178862,85.4,18.696,17.712,16.728,2,0,0,2,,,,,,,,,,,,,,,,,,,,,,,,,,,,,,
CDD07.2.2.19,stool,Female,CDD07.2.2,HFt/HFb,10/19/25,11:00,,CDD07,19,T,19.53,20.63,5.632360471,87,18.5535,17.577,16.6005,2,0,0,2,,,,,,,,,,,,,,,,,,,,,,,,,,,,,,
CDD07.2.3.19,stool,Female,CDD07.2.3,HFt/HFb,10/19/25,11:00,,CDD07,19,T,19.1,20.18,5.654450262,85.9,18.145,17.19,16.235,2,0,0,2,,,,,,,,,,,,,,,,,,,,,,,,,,,,,,
CDD07.2.4.19,stool,Female,CDD07.2.4,HFt/HFb,10/19/25,11:00,,CDD07,19,T,18.98,20.63,8.693361433,86,18.031,17.082,16.133,2,0,0,2,,,,,,,,,,,,,,,,,,,,,,,,,,,,,,
CDD07.2.5.19,stool,Female,CDD07.2.5,HFt/HFb,10/19/25,11:00,,CDD07,19,T,20.57,21.8,5.979581915,86.8,19.5415,18.513,17.4845,2,0,0,2,,,,,,,,,,,,,,,,,,,,,,,,,,,,,,
CDD07.3.1.19,stool,Female,CDD07.3.1,LFt/LFb,10/19/25,11:00,,CDD07,19,T,18.32,18.21,-0.600436681,85.1,17.404,16.488,15.572,1,0,1,2,,,,,,,,,,,,,,,,,,,,,,,,,,,,,,
CDD07.3.2.19,stool,Female,CDD07.3.2,LFt/LFb,10/19/25,11:00,,CDD07,19,T,21.06,22.06,4.748338082,86.7,20.007,18.954,17.901,1,0,0,1,,,,,,,,,,,,,,,,,,,,,,,,,,,,,,
CDD07.3.3.19,stool,Female,CDD07.3.3,LFt/LFb,10/19/25,11:00,,CDD07,19,T,17.78,18.11,1.856017998,85.9,16.891,16.002,15.113,1,0,0,1,,,,,,,,,,,,,,,,,,,,,,,,,,,,,,
CDD07.3.4.19,stool,Female,CDD07.3.4,LFt/LFb,10/19/25,11:00,,CDD07,19,T,20.35,21.09,3.636363636,86.8,19.3325,18.315,17.2975,2,0,0,2,,,,,,,,,,,,,,,,,,,,,,,,,,,,,,
CDD07.3.5.19,stool,Female,CDD07.3.5,LFt/LFb,10/19/25,11:00,,CDD07,19,T,19.57,19.98,2.095043434,87.2,18.5915,17.613,16.6345,1,0,0,1,,,,,,,,,,,,,,,,,,,,,,,,,,,,,,
CDD07.4.1.19,stool,Female,CDD07.4.1,LFt/HFb,10/19/25,11:00,,CDD07,19,T,20.54,21.47,4.52775073,84.5,19.513,18.486,17.459,2,0,0,2,,,,,,,,,,,,,,,,,,,,,,,,,,,,,,
CDD07.4.2.19,stool,Female,CDD07.4.2,LFt/HFb,10/19/25,11:00,,CDD07,19,T,19.9,20.2,1.507537688,85.7,18.905,17.91,16.915,2,0,0,2,,,,,,,,,,,,,,,,,,,,,,,,,,,,,,
CDD07.4.3.19,stool,Female,CDD07.4.3,LFt/HFb,10/19/25,11:00,,CDD07,19,T,21.65,22.48,3.833718245,85.9,20.5675,19.485,18.4025,2,0,0,2,,,,,,,,,,,,,,,,,,,,,,,,,,,,,,
CDD07.4.4.19,stool,Female,CDD07.4.4,LFt/HFb,10/19/25,11:00,,CDD07,19,T,21.9,22.14,1.095890411,81.1,20.805,19.71,18.615,2,0,0,2,,,,,,,,,,,,,,,,,,,,,,,,,,,,,,
CDD07.4.5.19,stool,Female,CDD07.4.5,LFt/HFb,10/19/25,11:00,,CDD07,19,T,19.78,20.35,2.881698686,90,18.791,17.802,16.813,2,0,0,2,,,,,,,,,,,,,,,,,,,,,,,,,,,,,,
CDD07.1.1.20,stool,Female,CDD07.1.1,HFt/LFb,10/20/25,11:00,,CDD07,20,T,18.43,19.14,3.852414542,86.3,17.5085,16.587,15.6655,2,0,0,2,,,,,,,,,,,,,,,,,,,,,,,,,,,,,,
CDD07.1.2.20,stool,Female,CDD07.1.2,HFt/LFb,10/20/25,11:00,,CDD07,20,T,18.3,19.5,6.557377049,87.1,17.385,16.47,15.555,2,0,0,2,,,,,,,,,,,,,,,,,,,,,,,,,,,,,,
CDD07.1.3.20,stool,Female,CDD07.1.3,HFt/LFb,10/20/25,11:00,,CDD07,20,T,17.54,17.66,0.684150513,87.3,16.663,15.786,14.909,2,0,0,2,,,,,,,,,,,,,,,,,,,,,,,,,,,,,,
CDD07.1.4.20,stool,Female,CDD07.1.4,HFt/LFb,10/20/25,11:00,,CDD07,20,T,17.8,17.83,0.168539326,87.5,16.91,16.02,15.13,2,0,0,2,,,,,,,,,,,,,,,,,,,,,,,,,,,,,,
CDD07.1.5.20,stool,Female,CDD07.1.5,HFt/LFb,10/20/25,11:00,,CDD07,20,T,19.75,21.55,9.113924051,89.6,18.7625,17.775,16.7875,1,0,0,1,,,,,,,,,,,,,,,,,,,,,,,,,,,,,,
CDD07.2.1.20,stool,Female,CDD07.2.1,HFt/HFb,10/20/25,11:00,,CDD07,20,T,19.68,20.58,4.573170732,87.5,18.696,17.712,16.728,2,0,0,2,,,,,,,,,,,,,,,,,,,,,,,,,,,,,,
CDD07.2.2.20,stool,Female,CDD07.2.2,HFt/HFb,10/20/25,11:00,,CDD07,20,T,19.53,20.33,4.096262161,86.9,18.5535,17.577,16.6005,1,0,0,1,,,,,,,,,,,,,,,,,,,,,,,,,,,,,,
CDD07.2.3.20,stool,Female,CDD07.2.3,HFt/HFb,10/20/25,11:00,,CDD07,20,T,19.1,20.13,5.392670157,86.8,18.145,17.19,16.235,2,0,0,2,,,,,,,,,,,,,,,,,,,,,,,,,,,,,,
CDD07.2.4.20,stool,Female,CDD07.2.4,HFt/HFb,10/20/25,11:00,,CDD07,20,T,18.98,20.21,6.480505796,88.1,18.031,17.082,16.133,2,0,0,2,,,,,,,,,,,,,,,,,,,,,,,,,,,,,,
CDD07.2.5.20,stool,Female,CDD07.2.5,HFt/HFb,10/20/25,11:00,,CDD07,20,T,20.57,21.57,4.861448712,87.6,19.5415,18.513,17.4845,2,0,0,2,,,,,,,,,,,,,,,,,,,,,,,,,,,,,,
CDD07.3.1.20,stool,Female,CDD07.3.1,LFt/LFb,10/20/25,11:00,,CDD07,20,T,18.32,18.58,1.419213974,85.2,17.404,16.488,15.572,2,0,0,2,,,,,,,,,,,,,,,,,,,,,,,,,,,,,,
CDD07.3.2.20,stool,Female,CDD07.3.2,LFt/LFb,10/20/25,11:00,,CDD07,20,T,21.06,22.18,5.318138651,85.7,20.007,18.954,17.901,1,0,0,1,,,,,,,,,,,,,,,,,,,,,,,,,,,,,,
CDD07.3.3.20,stool,Female,CDD07.3.3,LFt/LFb,10/20/25,11:00,,CDD07,20,T,17.78,18.48,3.937007874,85.4,16.891,16.002,15.113,1,0,0,1,,,,,,,,,,,,,,,,,,,,,,,,,,,,,,
CDD07.3.4.20,stool,Female,CDD07.3.4,LFt/LFb,10/20/25,11:00,,CDD07,20,T,20.35,21.03,3.341523342,86.3,19.3325,18.315,17.2975,1,0,0,1,,,,,,,,,,,,,,,,,,,,,,,,,,,,,,
CDD07.3.5.20,stool,Female,CDD07.3.5,LFt/LFb,10/20/25,11:00,,CDD07,20,T,19.57,20.02,2.299437915,84.4,18.5915,17.613,16.6345,2,0,0,2,,,,,,,,,,,,,,,,,,,,,,,,,,,,,,
CDD07.4.1.20,stool,Female,CDD07.4.1,LFt/HFb,10/20/25,11:00,,CDD07,20,T,20.54,21.6,5.160662123,83.6,19.513,18.486,17.459,2,0,0,2,,,,,,,,,,,,,,,,,,,,,,,,,,,,,,
CDD07.4.2.20,stool,Female,CDD07.4.2,LFt/HFb,10/20/25,11:00,,CDD07,20,T,19.9,20.21,1.557788945,85.3,18.905,17.91,16.915,2,0,0,2,,,,,,,,,,,,,,,,,,,,,,,,,,,,,,
CDD07.4.3.20,stool,Female,CDD07.4.3,LFt/HFb,10/20/25,11:00,,CDD07,20,T,21.65,22.95,6.004618938,84.6,20.5675,19.485,18.4025,2,0,0,2,,,,,,,,,,,,,,,,,,,,,,,,,,,,,,
CDD07.4.4.20,stool,Female,CDD07.4.4,LFt/HFb,10/20/25,11:00,,CDD07,20,T,21.9,21.96,0.273972603,84.2,20.805,19.71,18.615,2,0,0,2,,,,,,,,,,,,,,,,,,,,,,,,,,,,,,
CDD07.4.5.20,stool,Female,CDD07.4.5,LFt/HFb,10/20/25,11:00,,CDD07,20,T,19.78,20.33,2.780586451,87.4,18.791,17.802,16.813,2,0,0,2,,,,,,,,,,,,,,,,,,,,,,,,,,,,,,
CDD07.1.1.21,stool,Female,CDD07.1.1,HFt/LFb,10/21/25,11:00,,CDD07,21,T,18.43,18.95,2.821486706,86.4,17.5085,16.587,15.6655,0,0,0,0,,,,,,,,,,,,,,,,,,,,,,,,,,,,,,
CDD07.1.2.21,stool,Female,CDD07.1.2,HFt/LFb,10/21/25,11:00,,CDD07,21,T,18.3,19.8,8.196721311,86.3,17.385,16.47,15.555,0,0,0,0,,,,,,,,,,,,,,,,,,,,,,,,,,,,,,
CDD07.1.3.21,stool,Female,CDD07.1.3,HFt/LFb,10/21/25,11:00,,CDD07,21,T,17.54,17.88,1.938426454,85.3,16.663,15.786,14.909,0,0,0,0,,,,,,,,,,,,,,,,,,,,,,,,,,,,,,
CDD07.1.4.21,stool,Female,CDD07.1.4,HFt/LFb,10/21/25,11:00,,CDD07,21,T,17.8,18.85,5.898876404,86.4,16.91,16.02,15.13,0,0,0,0,,,,,,,,,,,,,,,,,,,,,,,,,,,,,,
CDD07.1.5.21,stool,Female,CDD07.1.5,HFt/LFb,10/21/25,11:00,,CDD07,21,T,19.75,21.1,6.835443038,85.5,18.7625,17.775,16.7875,4,0,0,4,,,,,,,,,,,,,,,,,,,,,,,,,,,,,,
CDD07.2.1.21,stool,Female,CDD07.2.1,HFt/HFb,10/21/25,11:00,,CDD07,21,T,19.68,20.8,5.691056911,86,18.696,17.712,16.728,0,0,0,0,,,,,,,,,,,,,,,,,,,,,,,,,,,,,,
CDD07.2.2.21,stool,Female,CDD07.2.2,HFt/HFb,10/21/25,11:00,,CDD07,21,T,19.53,20.1,2.91858679,85.8,18.5535,17.577,16.6005,0,0,0,0,,,,,,,,,,,,,,,,,,,,,,,,,,,,,,
CDD07.2.3.21,stool,Female,CDD07.2.3,HFt/HFb,10/21/25,11:00,,CDD07,21,T,19.1,19.85,3.926701571,86.1,18.145,17.19,16.235,0,0,0,0,,,,,,,,,,,,,,,,,,,,,,,,,,,,,,
CDD07.2.4.21,stool,Female,CDD07.2.4,HFt/HFb,10/21/25,11:00,,CDD07,21,T,18.98,20.3,6.954689146,56.9,18.031,17.082,16.133,0,0,0,0,,,,,,,,,,,,,,,,,,,,,,,,,,,,,,
CDD07.2.5.21,stool,Female,CDD07.2.5,HFt/HFb,10/21/25,11:00,,CDD07,21,T,20.57,21.9,6.465726787,86.2,19.5415,18.513,17.4845,1,0,0,1,,,,,,,,,,,,,,,,,,,,,,,,,,,,,,
CDD07.3.1.21,stool,Female,CDD07.3.1,LFt/LFb,10/21/25,11:00,,CDD07,21,T,18.32,18.9,3.165938865,85.8,17.404,16.488,15.572,2,0,0,2,,,,,,,,,,,,,,,,,,,,,,,,,,,,,,
CDD07.3.2.21,stool,Female,CDD07.3.2,LFt/LFb,10/21/25,11:00,,CDD07,21,T,21.06,22.1,4.938271605,85.5,20.007,18.954,17.901,1,0,0,1,,,,,,,,,,,,,,,,,,,,,,,,,,,,,,
CDD07.3.3.21,stool,Female,CDD07.3.3,LFt/LFb,10/21/25,11:00,,CDD07,21,T,17.78,18,1.237345332,86.5,16.891,16.002,15.113,0,0,0,0,,,,,,,,,,,,,,,,,,,,,,,,,,,,,,
CDD07.3.4.21,stool,Female,CDD07.3.4,LFt/LFb,10/21/25,11:00,,CDD07,21,T,20.35,21.2,4.176904177,86.7,19.3325,18.315,17.2975,2,0,0,2,,,,,,,,,,,,,,,,,,,,,,,,,,,,,,
CDD07.3.5.21,stool,Female,CDD07.3.5,LFt/LFb,10/21/25,11:00,,CDD07,21,T,19.57,20.48,4.649974451,86.4,18.5915,17.613,16.6345,1,0,0,1,,,,,,,,,,,,,,,,,,,,,,,,,,,,,,
CDD07.4.1.21,stool,Female,CDD07.4.1,LFt/HFb,10/21/25,11:00,,CDD07,21,T,20.54,21.9,6.621226874,86.1,19.513,18.486,17.459,1,0,0,1,,,,,,,,,,,,,,,,,,,,,,,,,,,,,,
CDD07.4.2.21,stool,Female,CDD07.4.2,LFt/HFb,10/21/25,11:00,,CDD07,21,T,19.9,20.65,3.768844221,86.3,18.905,17.91,16.915,1,0,0,1,,,,,,,,,,,,,,,,,,,,,,,,,,,,,,
CDD07.4.3.21,stool,Female,CDD07.4.3,LFt/HFb,10/21/25,11:00,,CDD07,21,T,21.65,23.4,8.083140878,85.5,20.5675,19.485,18.4025,0,0,0,0,,,,,,,,,,,,,,,,,,,,,,,,,,,,,,
CDD07.4.4.21,stool,Female,CDD07.4.4,LFt/HFb,10/21/25,11:00,,CDD07,21,T,21.9,22.4,2.283105023,86.3,20.805,19.71,18.615,0,0,0,0,,,,,,,,,,,,,,,,,,,,,,,,,,,,,,
CDD07.4.5.21,stool,Female,CDD07.4.5,LFt/HFb,10/21/25,11:00,,CDD07,21,T,19.78,20.8,5.156723964,90.2,18.791,17.802,16.813,1,0,0,1,,,,,,,,,,,,,,,,,,,,,,,,,,,,,,
CDD07.1.1.22,stool,Female,CDD07.1.1,HFt/LFb,10/22/25,11:00,,CDD07,22,T,18.43,18.2,-1.247965274,84.4,17.5085,16.587,15.6655,0,0,1,1,,,,,,,,,,,,,,,,,,,,,,,,,,,,,,
CDD07.1.2.22,stool,Female,CDD07.1.2,HFt/LFb,10/22/25,11:00,,CDD07,22,T,18.3,19.5,6.557377049,84,17.385,16.47,15.555,1,0,0,1,,,,,,,,,,,,,,,,,,,,,,,,,,,,,,
CDD07.1.3.22,stool,Female,CDD07.1.3,HFt/LFb,10/22/25,11:00,,CDD07,22,T,17.54,17.7,0.912200684,84.4,16.663,15.786,14.909,1,0,0,1,,,,,,,,,,,,,,,,,,,,,,,,,,,,,,
CDD07.1.4.22,stool,Female,CDD07.1.4,HFt/LFb,10/22/25,11:00,,CDD07,22,T,17.8,18.4,3.370786517,84.6,16.91,16.02,15.13,1,0,0,1,,,,,,,,,,,,,,,,,,,,,,,,,,,,,,
CDD07.1.5.22,stool,Female,CDD07.1.5,HFt/LFb,10/22/25,11:00,,CDD07,22,T,19.75,21.31,7.898734177,83.2,18.7625,17.775,16.7875,1,0,0,1,,,,,,,,,,,,,,,,,,,,,,,,,,,,,,
CDD07.2.1.22,stool,Female,CDD07.2.1,HFt/HFb,10/22/25,11:00,,CDD07,22,T,19.68,20.5,4.166666667,83.6,18.696,17.712,16.728,1,0,0,1,,,,,,,,,,,,,,,,,,,,,,,,,,,,,,
CDD07.2.2.22,stool,Female,CDD07.2.2,HFt/HFb,10/22/25,11:00,,CDD07,22,T,19.53,19.8,1.382488479,84.9,18.5535,17.577,16.6005,1,0,0,1,,,,,,,,,,,,,,,,,,,,,,,,,,,,,,
CDD07.2.3.22,stool,Female,CDD07.2.3,HFt/HFb,10/22/25,11:00,,CDD07,22,T,19.1,19.7,3.141361257,85.5,18.145,17.19,16.235,1,0,0,1,,,,,,,,,,,,,,,,,,,,,,,,,,,,,,
CDD07.2.4.22,stool,Female,CDD07.2.4,HFt/HFb,10/22/25,11:00,,CDD07,22,T,18.98,20,5.374077977,84.9,18.031,17.082,16.133,1,0,0,1,,,,,,,,,,,,,,,,,,,,,,,,,,,,,,
CDD07.2.5.22,stool,Female,CDD07.2.5,HFt/HFb,10/22/25,11:00,,CDD07,22,T,20.57,21.6,5.007292173,83.8,19.5415,18.513,17.4845,2,0,0,2,,,,,,,,,,,,,,,,,,,,,,,,,,,,,,
CDD07.3.1.22,stool,Female,CDD07.3.1,LFt/LFb,10/22/25,11:00,,CDD07,22,T,18.32,18.6,1.528384279,85.6,17.404,16.488,15.572,1,0,0,1,,,,,,,,,,,,,,,,,,,,,,,,,,,,,,
CDD07.3.2.22,stool,Female,CDD07.3.2,LFt/LFb,10/22/25,11:00,,CDD07,22,T,21.06,21.8,3.51377018,85.3,20.007,18.954,17.901,1,0,0,1,,,,,,,,,,,,,,,,,,,,,,,,,,,,,,
CDD07.3.3.22,stool,Female,CDD07.3.3,LFt/LFb,10/22/25,11:00,,CDD07,22,T,17.78,18.2,2.362204724,84.8,16.891,16.002,15.113,1,0,0,1,,,,,,,,,,,,,,,,,,,,,,,,,,,,,,
CDD07.3.4.22,stool,Female,CDD07.3.4,LFt/LFb,10/22/25,11:00,,CDD07,22,T,20.35,21.3,4.668304668,85.8,19.3325,18.315,17.2975,1,0,0,1,,,,,,,,,,,,,,,,,,,,,,,,,,,,,,
CDD07.3.5.22,stool,Female,CDD07.3.5,LFt/LFb,10/22/25,11:00,,CDD07,22,T,19.57,19.8,1.175268268,86.1,18.5915,17.613,16.6345,2,0,0,2,,,,,,,,,,,,,,,,,,,,,,,,,,,,,,
CDD07.4.1.22,stool,Female,CDD07.4.1,LFt/HFb,10/22/25,11:00,,CDD07,22,T,20.54,21.6,5.160662123,83.5,19.513,18.486,17.459,1,0,0,1,,,,,,,,,,,,,,,,,,,,,,,,,,,,,,
CDD07.4.2.22,stool,Female,CDD07.4.2,LFt/HFb,10/22/25,11:00,,CDD07,22,T,19.9,20.2,1.507537688,85.5,18.905,17.91,16.915,1,0,0,1,,,,,,,,,,,,,,,,,,,,,,,,,,,,,,
CDD07.4.3.22,stool,Female,CDD07.4.3,LFt/HFb,10/22/25,11:00,,CDD07,22,T,21.65,22.4,3.464203233,83.6,20.5675,19.485,18.4025,0,0,0,0,,,,,,,,,,,,,,,,,,,,,,,,,,,,,,
CDD07.4.4.22,stool,Female,CDD07.4.4,LFt/HFb,10/22/25,11:00,,CDD07,22,T,21.9,21.8,-0.456621005,86.4,20.805,19.71,18.615,2,0,1,3,,,,,,,,,,,,,,,,,,,,,,,,,,,,,,
CDD07.4.5.22,stool,Female,CDD07.4.5,LFt/HFb,10/22/25,11:00,,CDD07,22,T,19.78,20.2,2.123356926,87.5,18.791,17.802,16.813,1,0,0,1,,,,,,,,,,,,,,,,,,,,,,,,,,,,,,
CDD07.1.1.23,stool,Female,CDD07.1.1,HFt/LFb,10/23/25,11:00,,CDD07,23,T,18.43,19.13,3.798155182,85.4,17.5085,16.587,15.6655,0,0,0,0,,,,,,,,,,,,,,,,,,,,,,,,,,,,,,
CDD07.1.2.23,stool,Female,CDD07.1.2,HFt/LFb,10/23/25,11:00,,CDD07,23,T,18.3,19.8,8.196721311,86.1,17.385,16.47,15.555,1,0,0,1,,,,,,,,,,,,,,,,,,,,,,,,,,,,,,
CDD07.1.3.23,stool,Female,CDD07.1.3,HFt/LFb,10/23/25,11:00,,CDD07,23,T,17.54,17.7,0.912200684,85.8,16.663,15.786,14.909,1,0,0,1,,,,,,,,,,,,,,,,,,,,,,,,,,,,,,
CDD07.1.4.23,stool,Female,CDD07.1.4,HFt/LFb,10/23/25,11:00,,CDD07,23,T,17.8,16.8,-5.617977528,84.8,16.91,16.02,15.13,4,1,2,7,severe diarrhea,,,,,,,,,,,,,,,,,,,,,,,,,,,,,
CDD07.1.5.23,stool,Female,CDD07.1.5,HFt/LFb,10/23/25,11:00,,CDD07,23,T,19.75,19.25,-2.53164557,85.4,18.7625,17.775,16.7875,3,0,1,4,some diarrhea,,,,,,,,,,,,,,,,,,,,,,,,,,,,,
CDD07.2.1.23,stool,Female,CDD07.2.1,HFt/HFb,10/23/25,11:00,,CDD07,23,T,19.68,21.5,9.24796748,86.2,18.696,17.712,16.728,1,0,0,1,,,,,,,,,,,,,,,,,,,,,,,,,,,,,,
CDD07.2.2.23,stool,Female,CDD07.2.2,HFt/HFb,10/23/25,11:00,,CDD07,23,T,19.53,20.65,5.734767025,86.1,18.5535,17.577,16.6005,0,0,0,0,,,,,,,,,,,,,,,,,,,,,,,,,,,,,,
CDD07.2.3.23,stool,Female,CDD07.2.3,HFt/HFb,10/23/25,11:00,,CDD07,23,T,19.1,20.8,8.90052356,86.5,18.145,17.19,16.235,0,0,0,0,,,,,,,,,,,,,,,,,,,,,,,,,,,,,,
CDD07.2.4.23,stool,Female,CDD07.2.4,HFt/HFb,10/23/25,11:00,,CDD07,23,T,18.98,20.75,9.325605901,86.2,18.031,17.082,16.133,1,0,0,1,,,,,,,,,,,,,,,,,,,,,,,,,,,,,,
CDD07.2.5.23,stool,Female,CDD07.2.5,HFt/HFb,10/23/25,11:00,,CDD07,23,T,20.57,22.7,10.35488576,86.6,19.5415,18.513,17.4845,1,0,0,1,,,,,,,,,,,,,,,,,,,,,,,,,,,,,,
CDD07.3.1.23,stool,Female,CDD07.3.1,LFt/LFb,10/23/25,11:00,,CDD07,23,T,18.32,19,3.711790393,85.2,17.404,16.488,15.572,0,0,0,0,,,,,,,,,,,,,,,,,,,,,,,,,,,,,,
CDD07.3.2.23,stool,Female,CDD07.3.2,LFt/LFb,10/23/25,11:00,,CDD07,23,T,21.06,21.8,3.51377018,85,20.007,18.954,17.901,0,0,0,0,,,,,,,,,,,,,,,,,,,,,,,,,,,,,,
CDD07.3.3.23,stool,Female,CDD07.3.3,LFt/LFb,10/23/25,11:00,,CDD07,23,T,17.78,18.7,5.174353206,85.4,16.891,16.002,15.113,1,0,0,1,,,,,,,,,,,,,,,,,,,,,,,,,,,,,,
CDD07.3.4.23,stool,Female,CDD07.3.4,LFt/LFb,10/23/25,11:00,,CDD07,23,T,20.35,21.95,7.862407862,85.7,19.3325,18.315,17.2975,1,0,0,1,,,,,,,,,,,,,,,,,,,,,,,,,,,,,,
CDD07.3.5.23,stool,Female,CDD07.3.5,LFt/LFb,10/23/25,11:00,,CDD07,23,T,19.57,20,2.197240675,86.2,18.5915,17.613,16.6345,2,0,0,2,,,,,,,,,,,,,,,,,,,,,,,,,,,,,,
CDD07.4.1.23,stool,Female,CDD07.4.1,LFt/HFb,10/23/25,11:00,,CDD07,23,T,20.54,22.1,7.594936709,86.4,19.513,18.486,17.459,0,0,0,0,,,,,,,,,,,,,,,,,,,,,,,,,,,,,,
CDD07.4.2.23,stool,Female,CDD07.4.2,LFt/HFb,10/23/25,11:00,,CDD07,23,T,19.9,20.85,4.773869347,86.1,18.905,17.91,16.915,2,0,0,2,,,,,,,,,,,,,,,,,,,,,,,,,,,,,,
CDD07.4.3.23,stool,Female,CDD07.4.3,LFt/HFb,10/23/25,11:00,,CDD07,23,T,21.65,23.05,6.466512702,86.8,20.5675,19.485,18.4025,1,0,0,1,,,,,,,,,,,,,,,,,,,,,,,,,,,,,,
CDD07.4.4.23,stool,Female,CDD07.4.4,LFt/HFb,10/23/25,11:00,,CDD07,23,T,21.9,22.7,3.652968037,85.9,20.805,19.71,18.615,1,0,0,1,,,,,,,,,,,,,,,,,,,,,,,,,,,,,,
CDD07.4.5.23,stool,Female,CDD07.4.5,LFt/HFb,10/23/25,11:00,,CDD07,23,T,19.78,20.65,4.398382204,90.4,18.791,17.802,16.813,0,0,0,0,,,,,,,,,,,,,,,,,,,,,,,,,,,,,,
CDD07.1.1.24,stool,Female,CDD07.1.1,HFt/LFb,10/24/25,10:00,,CDD07,24,T,18.43,18.03,-2.17037439,87.3,17.5085,16.587,15.6655,3,0,1,4,,,,,,,,,,,,,,,,,,,,,,,,,,,,,,
CDD07.1.2.24,stool,Female,CDD07.1.2,HFt/LFb,10/24/25,10:00,,CDD07,24,T,18.3,19.2,4.918032787,86.5,17.385,16.47,15.555,4,0,0,4,,,,,,,,,,,,,,,,,,,,,,,,,,,,,,
CDD07.1.3.24,stool,Female,CDD07.1.3,HFt/LFb,10/24/25,10:00,,CDD07,24,T,17.54,16.9,-3.648802737,88.6,16.663,15.786,14.909,4,0,1,5,,,,,,,,,,,,,,,,,,,,,,,,,,,,,,
CDD07.1.4.24,stool,Female,CDD07.1.4,HFt/LFb,10/24/25,10:00,,CDD07,24,T,17.8,15.7,-11.79775281,87.7,16.91,16.02,15.13,4,1,3,8,needs PM check ,,,,,,,,,,,,,,,,,,,,,,,,,,,,,
CDD07.1.5.24,stool,Female,CDD07.1.5,HFt/LFb,10/24/25,10:00,,CDD07,24,T,19.75,20.18,2.17721519,88.2,18.7625,17.775,16.7875,4,0,0,4,,,,,,,,,,,,,,,,,,,,,,,,,,,,,,
CDD07.2.1.24,stool,Female,CDD07.2.1,HFt/HFb,10/24/25,10:00,,CDD07,24,T,19.68,21.8,10.77235772,85.5,18.696,17.712,16.728,2,0,0,2,,,,,,,,,,,,,,,,,,,,,,,,,,,,,,
CDD07.2.2.24,stool,Female,CDD07.2.2,HFt/HFb,10/24/25,10:00,,CDD07,24,T,19.53,20.54,5.171530978,86.6,18.5535,17.577,16.6005,1,0,0,1,,,,,,,,,,,,,,,,,,,,,,,,,,,,,,
CDD07.2.3.24,stool,Female,CDD07.2.3,HFt/HFb,10/24/25,10:00,,CDD07,24,T,19.1,21.1,10.47120419,86.9,18.145,17.19,16.235,1,0,0,1,,,,,,,,,,,,,,,,,,,,,,,,,,,,,,
CDD07.2.4.24,stool,Female,CDD07.2.4,HFt/HFb,10/24/25,10:00,,CDD07,24,T,18.98,20.72,9.167544784,86,18.031,17.082,16.133,2,0,0,2,,,,,,,,,,,,,,,,,,,,,,,,,,,,,,
CDD07.2.5.24,stool,Female,CDD07.2.5,HFt/HFb,10/24/25,10:00,,CDD07,24,T,20.57,22.78,10.74380165,86.3,19.5415,18.513,17.4845,1,0,0,1,,,,,,,,,,,,,,,,,,,,,,,,,,,,,,
CDD07.3.1.24,stool,Female,CDD07.3.1,LFt/LFb,10/24/25,10:00,,CDD07,24,T,18.32,18.75,2.347161572,86.6,17.404,16.488,15.572,1,0,0,1,,,,,,,,,,,,,,,,,,,,,,,,,,,,,,
CDD07.3.2.24,stool,Female,CDD07.3.2,LFt/LFb,10/24/25,10:00,,CDD07,24,T,21.06,22.35,6.125356125,85.6,20.007,18.954,17.901,2,0,0,2,,,,,,,,,,,,,,,,,,,,,,,,,,,,,,
CDD07.3.3.24,stool,Female,CDD07.3.3,LFt/LFb,10/24/25,10:00,,CDD07,24,T,17.78,18.66,4.949381327,85.1,16.891,16.002,15.113,1,0,0,1,,,,,,,,,,,,,,,,,,,,,,,,,,,,,,
CDD07.3.4.24,stool,Female,CDD07.3.4,LFt/LFb,10/24/25,10:00,,CDD07,24,T,20.35,21.9,7.616707617,84.6,19.3325,18.315,17.2975,0,0,0,0,,,,,,,,,,,,,,,,,,,,,,,,,,,,,,
CDD07.3.5.24,stool,Female,CDD07.3.5,LFt/LFb,10/24/25,10:00,,CDD07,24,T,19.57,20.15,2.96371998,85.1,18.5915,17.613,16.6345,0,0,0,0,,,,,,,,,,,,,,,,,,,,,,,,,,,,,,
CDD07.4.1.24,stool,Female,CDD07.4.1,LFt/HFb,10/24/25,10:00,,CDD07,24,T,20.54,21.92,6.718597858,82.8,19.513,18.486,17.459,2,0,0,2,,,,,,,,,,,,,,,,,,,,,,,,,,,,,,
CDD07.4.2.24,stool,Female,CDD07.4.2,LFt/HFb,10/24/25,10:00,,CDD07,24,T,19.9,20.54,3.216080402,85,18.905,17.91,16.915,2,0,0,2,,,,,,,,,,,,,,,,,,,,,,,,,,,,,,
CDD07.4.3.24,stool,Female,CDD07.4.3,LFt/HFb,10/24/25,10:00,,CDD07,24,T,21.65,23.13,6.836027714,83.7,20.5675,19.485,18.4025,2,0,0,2,,,,,,,,,,,,,,,,,,,,,,,,,,,,,,
CDD07.4.4.24,stool,Female,CDD07.4.4,LFt/HFb,10/24/25,10:00,,CDD07,24,T,21.9,22.24,1.552511416,84.3,20.805,19.71,18.615,2,0,0,2,,,,,,,,,,,,,,,,,,,,,,,,,,,,,,
CDD07.4.5.24,stool,Female,CDD07.4.5,LFt/HFb,10/24/25,10:00,,CDD07,24,T,19.78,20.63,4.29726997,88.3,18.791,17.802,16.813,1,0,0,1,,,,,,,,,,,,,,,,,,,,,,,,,,,,,,
CDD07.1.1.25,stool,Female,CDD07.1.1,HFt/LFb,10/25/25,10:00,,CDD07,25,T,18.43,16.08,-12.75094954,84.2,17.5085,16.587,15.6655,4,2,3,9,"diarrhea n/s, sac",,,,,,,,,,,,,,,,,,,,,,,,,,,,,
CDD07.1.2.25,stool,Female,CDD07.1.2,HFt/LFb,10/25/25,10:00,,CDD07,25,T,18.3,17.14,-6.338797814,84.4,17.385,16.47,15.555,4,0,2,6,"diarrhea n/s, afternoon weight 17.35",,,,,,,,,,,,,,,,,,,,,,,,,,,,,
CDD07.1.3.25,stool,Female,CDD07.1.3,HFt/LFb,10/25/25,10:00,,CDD07,25,T,17.54,14.7,-16.19156214,83.8,16.663,15.786,14.909,4,3,4,11,"diarrhea n/s, sac",,,,,,,,,,,,,,,,,,,,,,,,,,,,,
CDD07.1.4.25,stool,Female,CDD07.1.4,HFt/LFb,10/25/25,10:00,,CDD07,25,T,17.8,14.9,-16.29213483,84.1,16.91,16.02,15.13,4,3,4,11,"diarrhea n/s, sac",,,,,,,,,,,,,,,,,,,,,,,,,,,,,
CDD07.1.5.25,stool,Female,CDD07.1.5,HFt/LFb,10/25/25,10:00,,CDD07,25,T,19.75,18.01,-8.810126582,85.1,18.7625,17.775,16.7875,4,0,2,6,"diarrhea n/s, afternoon weight 17.95",,,,,,,,,,,,,,,,,,,,,,,,,,,,,
CDD07.2.1.25,stool,Female,CDD07.2.1,HFt/HFb,10/25/25,10:00,,CDD07,25,T,19.68,21.2,7.723577236,86.2,18.696,17.712,16.728,1,0,0,1,,,,,,,,,,,,,,,,,,,,,,,,,,,,,,
CDD07.2.2.25,stool,Female,CDD07.2.2,HFt/HFb,10/25/25,10:00,,CDD07,25,T,19.53,20,2.406554019,86,18.5535,17.577,16.6005,0,0,0,0,,,,,,,,,,,,,,,,,,,,,,,,,,,,,,
CDD07.2.3.25,stool,Female,CDD07.2.3,HFt/HFb,10/25/25,10:00,,CDD07,25,T,19.1,20.88,9.319371728,86.1,18.145,17.19,16.235,1,0,0,1,,,,,,,,,,,,,,,,,,,,,,,,,,,,,,
CDD07.2.4.25,stool,Female,CDD07.2.4,HFt/HFb,10/25/25,10:00,,CDD07,25,T,18.98,20.42,7.586933614,86.4,18.031,17.082,16.133,0,0,0,0,,,,,,,,,,,,,,,,,,,,,,,,,,,,,,
CDD07.2.5.25,stool,Female,CDD07.2.5,HFt/HFb,10/25/25,10:00,,CDD07,25,T,20.57,22.3,8.410306271,86.1,19.5415,18.513,17.4845,0,0,0,0,,,,,,,,,,,,,,,,,,,,,,,,,,,,,,
CDD07.3.1.25,stool,Female,CDD07.3.1,LFt/LFb,10/25/25,10:00,,CDD07,25,T,18.32,17.6,-3.930131004,85.8,17.404,16.488,15.572,4,0,1,5,diarrhea n/s,,,,,,,,,,,,,,,,,,,,,,,,,,,,,
CDD07.3.2.25,stool,Female,CDD07.3.2,LFt/LFb,10/25/25,10:00,,CDD07,25,T,21.06,22.2,5.413105413,86.2,20.007,18.954,17.901,0,0,0,0,,,,,,,,,,,,,,,,,,,,,,,,,,,,,,
CDD07.3.3.25,stool,Female,CDD07.3.3,LFt/LFb,10/25/25,10:00,,CDD07,25,T,17.78,17.8,0.112485939,85.6,16.891,16.002,15.113,4,0,0,4,diarrhea,,,,,,,,,,,,,,,,,,,,,,,,,,,,,
CDD07.3.4.25,stool,Female,CDD07.3.4,LFt/LFb,10/25/25,10:00,,CDD07,25,T,20.35,20.8,2.211302211,86.1,19.3325,18.315,17.2975,4,0,0,4,diarrhea n/s,,,,,,,,,,,,,,,,,,,,,,,,,,,,,
CDD07.3.5.25,stool,Female,CDD07.3.5,LFt/LFb,10/25/25,10:00,,CDD07,25,T,19.57,19.7,0.664282064,85.6,18.5915,17.613,16.6345,4,0,0,4,diarrhea,,,,,,,,,,,,,,,,,,,,,,,,,,,,,
CDD07.4.1.25,stool,Female,CDD07.4.1,LFt/HFb,10/25/25,10:00,,CDD07,25,T,20.54,20.6,0.29211295,86.6,19.513,18.486,17.459,4,0,0,4,diarrhea,,,,,,,,,,,,,,,,,,,,,,,,,,,,,
CDD07.4.2.25,stool,Female,CDD07.4.2,LFt/HFb,10/25/25,10:00,,CDD07,25,T,19.9,20.5,3.015075377,86.2,18.905,17.91,16.915,3,0,0,3,,,,,,,,,,,,,,,,,,,,,,,,,,,,,,
CDD07.4.3.25,stool,Female,CDD07.4.3,LFt/HFb,10/25/25,10:00,,CDD07,25,T,21.65,23.6,9.006928406,86.4,20.5675,19.485,18.4025,1,0,0,1,,,,,,,,,,,,,,,,,,,,,,,,,,,,,,
CDD07.4.4.25,stool,Female,CDD07.4.4,LFt/HFb,10/25/25,10:00,,CDD07,25,T,21.9,22.7,3.652968037,86.5,20.805,19.71,18.615,1,0,0,1,,,,,,,,,,,,,,,,,,,,,,,,,,,,,,
CDD07.4.5.25,stool,Female,CDD07.4.5,LFt/HFb,10/25/25,10:00,,CDD07,25,T,19.78,20.2,2.123356926,90.8,18.791,17.802,16.813,1,0,0,1,,,,,,,,,,,,,,,,,,,,,,,,,,,,,,
CDD07.1.2.26,stool,Female,CDD07.1.2,HFt/LFb,10/26/25,10:00,,CDD07,26,T,18.3,,-100,,17.385,16.47,15.555,,,4,12,"found dead at 9:30AM, assigned CSS 12",,,,,,,,,,,,,,,,,,,,,,,,,,,,,
CDD07.1.5.26,stool,Female,CDD07.1.5,HFt/LFb,10/26/25,10:00,,CDD07,26,T,19.75,17.3,-12.40506329,84.8,18.7625,17.775,16.7875,4,0,3,7,"diarrhea n/s, needs afternoon check, sac'd in PM",,,,,,,,,,,,,,,,,,,,,,,,,,,,,
CDD07.2.1.26,stool,Female,CDD07.2.1,HFt/HFb,10/26/25,10:00,,CDD07,26,T,19.68,20.5,4.166666667,86.2,18.696,17.712,16.728,0,0,0,0,,,,,,,,,,,,,,,,,,,,,,,,,,,,,,
CDD07.2.2.26,stool,Female,CDD07.2.2,HFt/HFb,10/26/25,10:00,,CDD07,26,T,19.53,19,-2.713773682,86,18.5535,17.577,16.6005,0,0,1,1,,,,,,,,,,,,,,,,,,,,,,,,,,,,,,
CDD07.2.3.26,stool,Female,CDD07.2.3,HFt/HFb,10/26/25,10:00,,CDD07,26,T,19.1,20.35,6.544502618,85,18.145,17.19,16.235,1,0,0,1,,,,,,,,,,,,,,,,,,,,,,,,,,,,,,
CDD07.2.4.26,stool,Female,CDD07.2.4,HFt/HFb,10/26/25,10:00,,CDD07,26,T,18.98,19.95,5.110642782,85.4,18.031,17.082,16.133,2,0,0,2,,,,,,,,,,,,,,,,,,,,,,,,,,,,,,
CDD07.2.5.26,stool,Female,CDD07.2.5,HFt/HFb,10/26/25,10:00,,CDD07,26,T,20.57,22.22,8.021390374,86.3,19.5415,18.513,17.4845,1,0,0,1,,,,,,,,,,,,,,,,,,,,,,,,,,,,,,
CDD07.3.1.26,stool,Female,CDD07.3.1,LFt/LFb,10/26/25,10:00,,CDD07,26,T,18.32,17.02,-7.096069869,85.2,17.404,16.488,15.572,4,0,2,6,diarrhea n/s,,,,,,,,,,,,,,,,,,,,,,,,,,,,,
CDD07.3.2.26,stool,Female,CDD07.3.2,LFt/LFb,10/26/25,10:00,,CDD07,26,T,21.06,20.22,-3.988603989,85.4,20.007,18.954,17.901,4,0,1,5,diarrhea n/s,,,,,,,,,,,,,,,,,,,,,,,,,,,,,
CDD07.3.3.26,stool,Female,CDD07.3.3,LFt/LFb,10/26/25,10:00,,CDD07,26,T,17.78,17.4,-2.137232846,85.2,16.891,16.002,15.113,4,0,1,5,diarrhea n/s,,,,,,,,,,,,,,,,,,,,,,,,,,,,,
CDD07.3.4.26,stool,Female,CDD07.3.4,LFt/LFb,10/26/25,10:00,,CDD07,26,T,20.35,19.8,-2.702702703,85.3,19.3325,18.315,17.2975,4,0,1,5,diarrhea n/s,,,,,,,,,,,,,,,,,,,,,,,,,,,,,
CDD07.3.5.26,stool,Female,CDD07.3.5,LFt/LFb,10/26/25,10:00,,CDD07,26,T,19.57,17.43,-10.93510475,85.8,18.5915,17.613,16.6345,4,0,3,7,"diarrhea n/s, needs afternoon check",,,,,,,,,,,,,,,,,,,,,,,,,,,,,
CDD07.4.1.26,stool,Female,CDD07.4.1,LFt/HFb,10/26/25,10:00,,CDD07,26,T,20.54,21.28,3.602726388,86.3,19.513,18.486,17.459,2,0,0,2,,,,,,,,,,,,,,,,,,,,,,,,,,,,,,
CDD07.4.2.26,stool,Female,CDD07.4.2,LFt/HFb,10/26/25,10:00,,CDD07,26,T,19.9,18.3,-8.040201005,86.1,18.905,17.91,16.915,4,0,2,6,diarrhea ,,,,,,,,,,,,,,,,,,,,,,,,,,,,,
CDD07.4.3.26,stool,Female,CDD07.4.3,LFt/HFb,10/26/25,10:00,,CDD07,26,T,21.65,23.5,8.545034642,86.8,20.5675,19.485,18.4025,2,0,0,2,,,,,,,,,,,,,,,,,,,,,,,,,,,,,,
CDD07.4.4.26,stool,Female,CDD07.4.4,LFt/HFb,10/26/25,10:00,,CDD07,26,T,21.9,21.35,-2.511415525,86,20.805,19.71,18.615,2,0,1,3,diarrhea,,,,,,,,,,,,,,,,,,,,,,,,,,,,,
CDD07.4.5.26,stool,Female,CDD07.4.5,LFt/HFb,10/26/25,10:00,,CDD07,26,T,19.78,19.65,-0.657229525,89.4,18.791,17.802,16.813,4,0,1,5,diarrhea,,,,,,,,,,,,,,,,,,,,,,,,,,,,,
CDD07.2.1.27,stool,Female,CDD07.2.1,HFt/HFb,10/27/25,9:00,,CDD07,27,T,19.68,19.9,1.117886179,86.6,18.696,17.712,16.728,4,0,0,4,,,,,,,,,,,,,,,,,,,,,,,,,,,,,,
CDD07.2.2.27,stool,Female,CDD07.2.2,HFt/HFb,10/27/25,9:00,,CDD07,27,T,19.53,19.95,2.150537634,86.3,18.5535,17.577,16.6005,0,0,0,0,,,,,,,,,,,,,,,,,,,,,,,,,,,,,,
CDD07.2.3.27,stool,Female,CDD07.2.3,HFt/HFb,10/27/25,9:00,,CDD07,27,T,19.1,20.54,7.539267016,86,18.145,17.19,16.235,0,0,0,0,,,,,,,,,,,,,,,,,,,,,,,,,,,,,,
CDD07.2.4.27,stool,Female,CDD07.2.4,HFt/HFb,10/27/25,9:00,,CDD07,27,T,18.98,20.6,8.535300316,85.8,18.031,17.082,16.133,2,0,0,2,,,,,,,,,,,,,,,,,,,,,,,,,,,,,,
CDD07.2.5.27,stool,Female,CDD07.2.5,HFt/HFb,10/27/25,9:00,,CDD07,27,T,20.57,22.83,10.98687409,86.2,19.5415,18.513,17.4845,0,0,0,0,,,,,,,,,,,,,,,,,,,,,,,,,,,,,,
CDD07.3.1.27,stool,Female,CDD07.3.1,LFt/LFb,10/27/25,9:00,,CDD07,27,T,18.32,18.1,-1.200873362,85.8,17.404,16.488,15.572,0,0,1,1,diarrhea ,,,,,,,,,,,,,,,,,,,,,,,,,,,,,
CDD07.3.2.27,stool,Female,CDD07.3.2,LFt/LFb,10/27/25,9:00,,CDD07,27,T,21.06,18.8,-10.73124406,85.4,20.007,18.954,17.901,4,0,3,7,diarrhea ,,,,,,,,,,,,,,,,,,,,,,,,,,,,,
CDD07.3.3.27,stool,Female,CDD07.3.3,LFt/LFb,10/27/25,9:00,,CDD07,27,T,17.78,18,1.237345332,85.2,16.891,16.002,15.113,4,0,0,4,diarrhea ,,,,,,,,,,,,,,,,,,,,,,,,,,,,,
CDD07.3.4.27,stool,Female,CDD07.3.4,LFt/LFb,10/27/25,9:00,,CDD07,27,T,20.35,19.5,-4.176904177,86.3,19.3325,18.315,17.2975,4,0,1,5,diarrhea n/s,,,,,,,,,,,,,,,,,,,,,,,,,,,,,
CDD07.3.5.27,stool,Female,CDD07.3.5,LFt/LFb,10/27/25,9:00,,CDD07,27,T,19.57,16,-18.24220746,85,18.5915,17.613,16.6345,4,0,4,8,sac,,,,,,,,,,,,,,,,,,,,,,,,,,,,,
CDD07.4.1.27,stool,Female,CDD07.4.1,LFt/HFb,10/27/25,9:00,,CDD07,27,T,20.54,21.8,6.134371957,86.6,19.513,18.486,17.459,0,0,0,0,,,,,,,,,,,,,,,,,,,,,,,,,,,,,,
CDD07.4.2.27,stool,Female,CDD07.4.2,LFt/HFb,10/27/25,9:00,,CDD07,27,T,19.9,18.4,-7.537688442,86.3,18.905,17.91,16.915,2,0,2,4,,,,,,,,,,,,,,,,,,,,,,,,,,,,,,
CDD07.4.3.27,stool,Female,CDD07.4.3,LFt/HFb,10/27/25,9:00,,CDD07,27,T,21.65,23.65,9.237875289,86.5,20.5675,19.485,18.4025,4,0,0,4,diarrhea ,,,,,,,,,,,,,,,,,,,,,,,,,,,,,
CDD07.4.4.27,stool,Female,CDD07.4.4,LFt/HFb,10/27/25,9:00,,CDD07,27,T,21.9,21.45,-2.054794521,86,20.805,19.71,18.615,4,0,1,5,diarrhea,,,,,,,,,,,,,,,,,,,,,,,,,,,,,
CDD07.4.5.27,stool,Female,CDD07.4.5,LFt/HFb,10/27/25,9:00,,CDD07,27,T,19.78,20.7,4.651162791,90,18.791,17.802,16.813,4,0,0,4,"diarrhea, ns",,,,,,,,,,,,,,,,,,,,,,,,,,,,,
CDD07.2.1.28,stool,Female,CDD07.2.1,HFt/HFb,10/28/25,11:00,,CDD07,28,T,19.68,20.37,3.506097561,83.1,18.696,17.712,16.728,2,0,0,2,,,,,,,,,,,,,,,,,,,,,,,,,,,,,,
CDD07.2.2.28,stool,Female,CDD07.2.2,HFt/HFb,10/28/25,11:00,,CDD07,28,T,19.53,19.6,0.358422939,83.7,18.5535,17.577,16.6005,2,0,0,2,,,,,,,,,,,,,,,,,,,,,,,,,,,,,,
CDD07.2.3.28,stool,Female,CDD07.2.3,HFt/HFb,10/28/25,11:00,,CDD07,28,T,19.1,20.7,8.376963351,83,18.145,17.19,16.235,1,0,0,1,,,,,,,,,,,,,,,,,,,,,,,,,,,,,,
CDD07.2.4.28,stool,Female,CDD07.2.4,HFt/HFb,10/28/25,11:00,,CDD07,28,swab,18.98,19.75,4.056902002,83.4,18.031,17.082,16.133,4,0,0,4,,,,,,,,,,,,,,,,,,,,,,,,,,,,,,
CDD07.2.5.28,stool,Female,CDD07.2.5,HFt/HFb,10/28/25,11:00,,CDD07,28,T,20.57,22.9,11.3271755,83,19.5415,18.513,17.4845,2,0,0,2,,,,,,,,,,,,,,,,,,,,,,,,,,,,,,
CDD07.3.1.28,stool,Female,CDD07.3.1,LFt/LFb,10/28/25,11:00,,CDD07,28,T,18.32,18.71,2.128820961,84.4,17.404,16.488,15.572,2,0,0,2,18.3 in PM,,,,,,,,,,,,,,,,,,,,,,,,,,,,,
CDD07.3.2.28,stool,Female,CDD07.3.2,LFt/LFb,10/28/25,11:00,,CDD07,28,swab,21.06,18.65,-11.44349478,84,20.007,18.954,17.901,4,0,3,7,18.42 in PM,,,,,,,,,,,,,,,,,,,,,,,,,,,,,
CDD07.3.3.28,stool,Female,CDD07.3.3,LFt/LFb,10/28/25,11:00,,CDD07,28,T,17.78,18.82,5.849268841,84.2,16.891,16.002,15.113,2,0,0,2,18.36 in PM,,,,,,,,,,,,,,,,,,,,,,,,,,,,,
CDD07.3.4.28,stool,Female,CDD07.3.4,LFt/LFb,10/28/25,11:00,,CDD07,28,swab,20.35,20.2,-0.737100737,84.6,19.3325,18.315,17.2975,4,0,1,5,20.2 in PM,,,,,,,,,,,,,,,,,,,,,,,,,,,,,
CDD07.4.1.28,stool,Female,CDD07.4.1,LFt/HFb,10/28/25,11:00,,CDD07,28,T,20.54,21.9,6.621226874,85.2,19.513,18.486,17.459,2,0,0,2,,,,,,,,,,,,,,,,,,,,,,,,,,,,,,
CDD07.4.2.28,stool,Female,CDD07.4.2,LFt/HFb,10/28/25,11:00,,CDD07,28,T,19.9,19.45,-2.261306533,83.3,18.905,17.91,16.915,2,0,1,3,,,,,,,,,,,,,,,,,,,,,,,,,,,,,,
CDD07.4.3.28,stool,Female,CDD07.4.3,LFt/HFb,10/28/25,11:00,,CDD07,28,T,21.65,23.7,9.468822171,84.6,20.5675,19.485,18.4025,2,0,0,2,,,,,,,,,,,,,,,,,,,,,,,,,,,,,,
CDD07.4.4.28,stool,Female,CDD07.4.4,LFt/HFb,10/28/25,11:00,,CDD07,28,swab,21.9,21.9,0,84.2,20.805,19.71,18.615,4,0,0,4,,,,,,,,,,,,,,,,,,,,,,,,,,,,,,
CDD07.4.5.28,stool,Female,CDD07.4.5,LFt/HFb,10/28/25,11:00,,CDD07,28,T,19.78,20.46,3.437815976,86.1,18.791,17.802,16.813,2,0,0,2,groomed,,,,,,,,,,,,,,,,,,,,,,,,,,,,,
CDD07.2.1.29,stool,Female,CDD07.2.1,HFt/HFb,10/29/25,11:00,,CDD07,29,T,19.68,20.6,4.674796748,85.6,18.696,17.712,16.728,2,0,0,2,,,,,,,,,,,,,,,,,,,,,,,,,,,,,,
CDD07.2.2.29,stool,Female,CDD07.2.2,HFt/HFb,10/29/25,11:00,,CDD07,29,T,19.53,20.2,3.43061956,82.5,18.5535,17.577,16.6005,2,0,0,2,,,,,,,,,,,,,,,,,,,,,,,,,,,,,,
CDD07.2.3.29,stool,Female,CDD07.2.3,HFt/HFb,10/29/25,11:00,,CDD07,29,T,19.1,21.13,10.62827225,83.7,18.145,17.19,16.235,1,0,0,1,,,,,,,,,,,,,,,,,,,,,,,,,,,,,,
CDD07.2.4.29,stool,Female,CDD07.2.4,HFt/HFb,10/29/25,11:00,,CDD07,29,T,18.98,19.74,4.004214963,83.6,18.031,17.082,16.133,2,0,0,2,,,,,,,,,,,,,,,,,,,,,,,,,,,,,,
CDD07.2.5.29,stool,Female,CDD07.2.5,HFt/HFb,10/29/25,11:00,,CDD07,29,T,20.57,22.9,11.3271755,81.9,19.5415,18.513,17.4845,2,0,0,2,,,,,,,,,,,,,,,,,,,,,,,,,,,,,,
CDD07.3.1.29,stool,Female,CDD07.3.1,LFt/LFb,10/29/25,11:00,,CDD07,29,T,18.32,19.38,5.786026201,83.8,17.404,16.488,15.572,1,0,0,1,,,,,,,,,,,,,,,,,,,,,,,,,,,,,,
CDD07.3.2.29,stool,Female,CDD07.3.2,LFt/LFb,10/29/25,11:00,,CDD07,29,T,21.06,20,-5.033238367,85.4,20.007,18.954,17.901,2,0,2,4,,,,,,,,,,,,,,,,,,,,,,,,,,,,,,
CDD07.3.3.29,stool,Female,CDD07.3.3,LFt/LFb,10/29/25,11:00,,CDD07,29,T,17.78,19,6.861642295,81.9,16.891,16.002,15.113,2,1,0,3,,,,,,,,,,,,,,,,,,,,,,,,,,,,,,
CDD07.3.4.29,stool,Female,CDD07.3.4,LFt/LFb,10/29/25,11:00,,CDD07,29,T,20.35,21.2,4.176904177,84,19.3325,18.315,17.2975,2,0,0,2,,,,,,,,,,,,,,,,,,,,,,,,,,,,,,
CDD07.4.1.29,stool,Female,CDD07.4.1,LFt/HFb,10/29/25,11:00,,CDD07,29,T,20.54,22.1,7.594936709,85.2,19.513,18.486,17.459,2,0,0,2,,,,,,,,,,,,,,,,,,,,,,,,,,,,,,
CDD07.4.2.29,stool,Female,CDD07.4.2,LFt/HFb,10/29/25,11:00,,CDD07,29,T,19.9,19.9,0,85.3,18.905,17.91,16.915,2,0,0,2,,,,,,,,,,,,,,,,,,,,,,,,,,,,,,
CDD07.4.3.29,stool,Female,CDD07.4.3,LFt/HFb,10/29/25,11:00,,CDD07,29,T,21.65,23.9,10.3926097,84.1,20.5675,19.485,18.4025,1,0,0,1,,,,,,,,,,,,,,,,,,,,,,,,,,,,,,
CDD07.4.4.29,stool,Female,CDD07.4.4,LFt/HFb,10/29/25,11:00,,CDD07,29,T,21.9,21.9,0,85.1,20.805,19.71,18.615,2,0,0,2,,,,,,,,,,,,,,,,,,,,,,,,,,,,,,
CDD07.4.5.29,stool,Female,CDD07.4.5,LFt/HFb,10/29/25,11:00,,CDD07,29,T,19.78,20.8,5.156723964,88,18.791,17.802,16.813,2,0,0,2,groomed,,,,,,,,,,,,,,,,,,,,,,,,,,,,,